full_name,email,phone,plate_number
Admin Demo 016,admin016@camtraffic.demo,010200015,
Admin Demo 017,admin017@camtraffic.demo,010200016,
Admin Demo 018,admin018@camtraffic.demo,010200017,
Admin Demo 019,admin019@camtraffic.demo,010200018,
Admin Demo 020,admin020@camtraffic.demo,010200019,
Chann Kosal,chann.kosal25@gmail.com,015-154180,KC 8B-2025
Chann Kosal,chann.kosal57@outlook.com,092-980768,KT 4K-2057
Chann Kosal,chann.kosal89@gmail.com,096-337635,PS 9T-2089
Chea Samnang,chea.samnang@traffic.gov.kh,012-163335,
Chea Sokha,chea.sokha1@outlook.com,096-966918,KM 2B-2001
Chea Sokha,chea.sokha33@outlook.com,012-621421,BT 7K-2033
Chea Sokha,chea.sokha65@outlook.com,092-784907,KC 3T-2065
Chea Sokha,chea.sokha97@gmail.com,010-851757,KT 8B-2097
Dara Chan,officer@camtraffic.demo,+855 12 111 222,
Dara Chan,officer@camtraffic.gov.kh,+855 12 111 222,
Driver Demo 001,driver001@camtraffic.demo,012100000,PP-3000
Driver Demo 001,driver001@camtraffic.demo,012100000,PP-3050
Driver Demo 002,driver002@camtraffic.demo,012100001,PP-3001
Driver Demo 002,driver002@camtraffic.demo,012100001,PP-3051
Driver Demo 003,driver003@camtraffic.demo,012100002,PP-3002
Driver Demo 003,driver003@camtraffic.demo,012100002,PP-3052
Driver Demo 004,driver004@camtraffic.demo,012100003,PP-3003
Driver Demo 004,driver004@camtraffic.demo,012100003,PP-3053
Driver Demo 005,driver005@camtraffic.demo,012100004,PP-3004
Driver Demo 005,driver005@camtraffic.demo,012100004,PP-3054
Driver Demo 006,driver006@camtraffic.demo,012100005,PP-3005
Driver Demo 006,driver006@camtraffic.demo,012100005,PP-3055
Driver Demo 007,driver007@camtraffic.demo,012100006,PP-3006
Driver Demo 007,driver007@camtraffic.demo,012100006,PP-3056
Driver Demo 008,driver008@camtraffic.demo,012100007,PP-3007
Driver Demo 008,driver008@camtraffic.demo,012100007,PP-3057
Driver Demo 009,driver009@camtraffic.demo,012100008,PP-3008
Driver Demo 009,driver009@camtraffic.demo,012100008,PP-3058
Driver Demo 010,driver010@camtraffic.demo,012100009,PP-3009
Driver Demo 010,driver010@camtraffic.demo,012100009,PP-3059
Driver Demo 011,driver011@camtraffic.demo,012100010,PP-3010
Driver Demo 011,driver011@camtraffic.demo,012100010,PP-3060
Driver Demo 012,driver012@camtraffic.demo,012100011,PP-3011
Driver Demo 012,driver012@camtraffic.demo,012100011,PP-3061
Driver Demo 013,driver013@camtraffic.demo,012100012,PP-3012
Driver Demo 013,driver013@camtraffic.demo,012100012,PP-3062
Driver Demo 014,driver014@camtraffic.demo,012100013,PP-3013
Driver Demo 014,driver014@camtraffic.demo,012100013,PP-3063
Driver Demo 015,driver015@camtraffic.demo,012100014,PP-3014
Driver Demo 015,driver015@camtraffic.demo,012100014,PP-3064
Driver Demo 016,driver016@camtraffic.demo,012100015,PP-3015
Driver Demo 016,driver016@camtraffic.demo,012100015,PP-3065
Driver Demo 017,driver017@camtraffic.demo,012100016,PP-3016
Driver Demo 017,driver017@camtraffic.demo,012100016,PP-3066
Driver Demo 018,driver018@camtraffic.demo,012100017,PP-3017
Driver Demo 018,driver018@camtraffic.demo,012100017,PP-3067
Driver Demo 019,driver019@camtraffic.demo,012100018,PP-3018
Driver Demo 019,driver019@camtraffic.demo,012100018,PP-3068
Driver Demo 020,driver020@camtraffic.demo,012100019,PP-3019
Driver Demo 020,driver020@camtraffic.demo,012100019,PP-3069
Driver Demo 021,driver021@camtraffic.demo,012100020,PP-3020
Driver Demo 022,driver022@camtraffic.demo,012100021,PP-3021
Driver Demo 023,driver023@camtraffic.demo,012100022,PP-3022
Driver Demo 024,driver024@camtraffic.demo,012100023,PP-3023
Driver Demo 025,driver025@camtraffic.demo,012100024,PP-3024
Driver Demo 026,driver026@camtraffic.demo,012100025,PP-3025
Driver Demo 027,driver027@camtraffic.demo,012100026,PP-3026
Driver Demo 028,driver028@camtraffic.demo,012100027,PP-3027
Driver Demo 029,driver029@camtraffic.demo,012100028,PP-3028
Driver Demo 030,driver030@camtraffic.demo,012100029,PP-3029
Driver Demo 031,driver031@camtraffic.demo,012100030,PP-3030
Driver Demo 032,driver032@camtraffic.demo,012100031,PP-3031
Driver Demo 033,driver033@camtraffic.demo,012100032,PP-3032
Driver Demo 034,driver034@camtraffic.demo,012100033,PP-3033
Driver Demo 035,driver035@camtraffic.demo,012100034,PP-3034
Driver Demo 036,driver036@camtraffic.demo,012100035,PP-3035
Driver Demo 037,driver037@camtraffic.demo,012100036,PP-3036
Driver Demo 038,driver038@camtraffic.demo,012100037,PP-3037
Driver Demo 039,driver039@camtraffic.demo,012100038,PP-3038
Driver Demo 040,driver040@camtraffic.demo,012100039,PP-3039
Driver Demo 041,driver041@camtraffic.demo,012100040,PP-3040
Driver Demo 042,driver042@camtraffic.demo,012100041,PP-3041
Driver Demo 043,driver043@camtraffic.demo,012100042,PP-3042
Driver Demo 044,driver044@camtraffic.demo,012100043,PP-3043
Driver Demo 045,driver045@camtraffic.demo,012100044,PP-3044
Driver Demo 046,driver046@camtraffic.demo,012100045,PP-3045
Driver Demo 047,driver047@camtraffic.demo,012100046,PP-3046
Driver Demo 048,driver048@camtraffic.demo,012100047,PP-3047
Driver Demo 049,driver049@camtraffic.demo,012100048,PP-3048
Driver Demo 050,driver050@camtraffic.demo,012100049,PP-3049
Heng Dara,heng.dara3@hotmail.com,098-102992,BT 4D-2003
Heng Dara,heng.dara35@yahoo.com,077-358562,KC 9M-2035
Heng Dara,heng.dara67@gmail.com,012-706623,KT 5V-2067
Heng Dara,heng.dara99@gmail.com,077-411417,PS 1D-2099
Heng Sophal,heng.sophal@traffic.gov.kh,012-595658,
Hor Sophea,hor.sophea36@yahoo.com,092-255016,KH 1N-2036
Hor Sophea,hor.sophea4@gmail.com,096-536867,KS 5E-2004
Hor Sophea,hor.sophea68@outlook.com,098-764879,2A-1234
Hor Sophea,hor.sophea68@outlook.com,098-764879,PV 6W-2068
Horn Narith,horn.narith26@yahoo.com,078-603074,KH 9C-2026
Horn Narith,horn.narith58@outlook.com,015-356204,PV 5L-2058
Horn Narith,horn.narith90@yahoo.com,010-361471,PP 1U-2090
Keo Vicheka,keo.vicheka27@outlook.com,098-109412,KT 1D-2027
Keo Vicheka,keo.vicheka59@yahoo.com,096-895872,PS 6M-2059
Keo Vicheka,keo.vicheka91@outlook.com,077-567321,KM 2V-2091
Khiev Bunrith,khiev.bunrith17@outlook.com,010-984735,KT 9T-2017
Khiev Bunrith,khiev.bunrith49@gmail.com,092-472482,PS 5B-2049
Khiev Bunrith,khiev.bunrith81@gmail.com,077-912032,KM 1K-2081
Kong Piseth,kong.piseth@traffic.gov.kh,012-150558,
Kong Rattana,kong.rattana37@gmail.com,092-264970,KT 2P-2037
Kong Rattana,kong.rattana5@hotmail.com,012-797383,KC 6F-2005
Kong Rattana,kong.rattana69@outlook.com,096-423638,PS 7X-2069
Korb Kimheang,korbkimheang18@gmail.com,+855 12 675 733,2U-3108
Kosal Pich,driver@camtraffic.demo,+855 16 555 666,
Leng Socheat,leng.socheat18@yahoo.com,078-160939,PV 1U-2018
Leng Socheat,leng.socheat50@hotmail.com,096-114078,PP 6C-2050
Leng Socheat,leng.socheat82@yahoo.com,010-512813,SR 2L-2082
Lim Bopha,lim.bopha38@hotmail.com,012-861398,PV 3Q-2038
Lim Bopha,lim.bopha6@yahoo.com,015-750041,KH 7G-2006
Lim Bopha,lim.bopha70@outlook.com,078-712819,PP 8Y-2070
Lim Bunrith,lim.bunrith@traffic.gov.kh,012-901300,
Long Sovanna,long.sovanna28@outlook.com,010-593613,PV 2E-2028
Long Sovanna,long.sovanna60@outlook.com,010-521819,PP 7N-2060
Long Sovanna,long.sovanna92@outlook.com,015-858681,SR 3W-2092
Mao Serey,mao.serey29@hotmail.com,015-862602,PS 3F-2029
Mao Serey,mao.serey61@outlook.com,015-418561,KM 8P-2061
Mao Serey,mao.serey93@outlook.com,015-674396,BT 4X-2093
Meas Kunthea,meas.kunthea39@yahoo.com,015-185737,PS 4R-2039
Meas Kunthea,meas.kunthea7@hotmail.com,098-963518,KT 8H-2007
Meas Kunthea,meas.kunthea71@gmail.com,078-622296,KM 9Z-2071
Meas Rithy,meas.rithy@traffic.gov.kh,012-292454,
Men Veasna,men.veasna19@outlook.com,096-521954,PS 2V-2019
Men Veasna,men.veasna51@hotmail.com,078-507382,KM 7D-2051
Men Veasna,men.veasna83@outlook.com,015-299321,BT 3M-2083
Mes Bochan,mesbochan@gmail.com,+855 92 851 110,
Nhem Socheat,nhem.socheat@traffic.gov.kh,012-428800,
Nhem Sreypov,nhem.sreypov40@gmail.com,012-645661,PP 5S-2040
Nhem Sreypov,nhem.sreypov72@outlook.com,012-404979,SR 1A-2072
Nhem Sreypov,nhem.sreypov8@outlook.com,092-701486,PV 9J-2008
Nou Chandara,nou.chandara20@yahoo.com,098-283746,PP 3W-2020
Nou Chandara,nou.chandara52@outlook.com,015-771374,SR 8E-2052
Nou Chandara,nou.chandara84@gmail.com,010-751559,KS 4N-2084
Nuon Ponleu,nuon.ponleu30@gmail.com,015-291262,PP 4G-2030
Nuon Ponleu,nuon.ponleu62@gmail.com,077-815181,SR 9Q-2062
Nuon Ponleu,nuon.ponleu94@gmail.com,098-801002,KS 5Y-2094
Ouk Chanthy,ouk.chanthy41@outlook.com,077-241605,KM 6T-2041
Ouk Chanthy,ouk.chanthy73@outlook.com,010-316517,BT 2B-2073
Ouk Chanthy,ouk.chanthy9@gmail.com,096-794537,PS 1K-2009
Ouk Veasna,ouk.veasna@traffic.gov.kh,012-318113,
Pen Thida,pen.thida31@yahoo.com,092-587325,KM 5H-2031
Pen Thida,pen.thida63@outlook.com,096-159747,BT 1R-2063
Pen Thida,pen.thida95@gmail.com,098-930230,KC 6Z-2095
Pich Rattana,pich.rattana@traffic.gov.kh,012-153657,
Pich Sothea,pich.sothea2@hotmail.com,096-220757,SR 3C-2002
Pich Sothea,pich.sothea34@hotmail.com,078-665775,KS 8L-2034
Pich Sothea,pich.sothea66@outlook.com,012-519603,KH 4U-2066
Pich Sothea,pich.sothea98@gmail.com,012-835996,PV 9C-2098
Police Demo 001,police001@camtraffic.demo,010200000,
Police Demo 002,police002@camtraffic.demo,010200001,
Police Demo 003,police003@camtraffic.demo,010200002,
Police Demo 004,police004@camtraffic.demo,010200003,
Police Demo 005,police005@camtraffic.demo,010200004,
Police Demo 006,police006@camtraffic.demo,010200005,
Police Demo 007,police007@camtraffic.demo,010200006,
Police Demo 008,police008@camtraffic.demo,010200007,
Police Demo 009,police009@camtraffic.demo,010200008,
Police Demo 010,police010@camtraffic.demo,010200009,
Police Demo 011,police011@camtraffic.demo,010200010,
Police Demo 012,police012@camtraffic.demo,010200011,
Police Demo 013,police013@camtraffic.demo,010200012,
Police Demo 014,police014@camtraffic.demo,010200013,
Police Demo 015,police015@camtraffic.demo,010200014,
Prak Kosal,prak.kosal@traffic.gov.kh,012-967939,
Prak Piseth,prak.piseth10@outlook.com,010-130880,PP 2L-2010
Prak Piseth,prak.piseth42@outlook.com,078-543058,SR 7U-2042
Prak Piseth,prak.piseth74@hotmail.com,015-638419,KS 3C-2074
Reaksa Sem,semreaksa2004@gmail.com,0718293494,
Ros Virak,ros.virak11@outlook.com,098-627312,KM 3M-2011
Ros Virak,ros.virak43@hotmail.com,015-336365,BT 8V-2043
Ros Virak,ros.virak75@hotmail.com,010-650084,KC 4D-2075
Sao Samnang,sao.samnang12@outlook.com,098-690719,SR 4N-2012
Sao Samnang,sao.samnang44@hotmail.com,092-294365,KS 9W-2044
Sao Samnang,sao.samnang76@outlook.com,077-676482,KH 5E-2076
Sareach Dim,dimsareach009@gmail.com,0712832071,
Seng Rithy,seng.rithy21@gmail.com,010-693477,KM 4X-2021
Seng Rithy,seng.rithy53@yahoo.com,077-196576,BT 9F-2053
Seng Rithy,seng.rithy85@yahoo.com,010-773475,KC 5P-2085
Sok Chantha,sok.chantha0@gmail.com,096-590367,PP 1A-2000
Sok Chantha,sok.chantha32@yahoo.com,012-140236,SR 6J-2032
Sok Chantha,sok.chantha64@gmail.com,078-684537,KS 2S-2064
Sok Chantha,sok.chantha96@yahoo.com,078-120131,KH 7A-2096
Sok Virak,sok.virak@traffic.gov.kh,012-990237,
Sokha Meas,admin@camtraffic.demo,+855 12 200 001,
Sokha Meas,admin@camtraffic.gov.kh,+855 12 200 001,
Tep Sophal,tep.sophal13@outlook.com,098-712758,BT 5P-2013
Tep Sophal,tep.sophal45@outlook.com,015-540011,KC 1X-2045
Tep Sophal,tep.sophal77@gmail.com,092-930946,KT 6F-2077
Touch Sovann,touch.sovann22@hotmail.com,096-233276,SR 5Y-2022
Touch Sovann,touch.sovann54@outlook.com,078-813466,KS 1G-2054
Touch Sovann,touch.sovann86@yahoo.com,012-394844,KH 6Q-2086
Ung Kimheng,ung.kimheng14@outlook.com,098-531797,KS 6Q-2014
Ung Kimheng,ung.kimheng46@hotmail.com,010-911340,KH 2Y-2046
Ung Kimheng,ung.kimheng78@outlook.com,092-301587,PV 7G-2078
Van Panha,van.panha23@hotmail.com,078-350125,BT 6Z-2023
Van Panha,van.panha55@outlook.com,098-732779,KC 2H-2055
Van Panha,van.panha87@gmail.com,098-267443,KT 7R-2087
Vanna Sok,driver2@camtraffic.demo,+855 77 777 888,
Vong Phirun,vong.phirun15@hotmail.com,092-159350,KC 7R-2015
Vong Phirun,vong.phirun47@yahoo.com,077-635705,KT 3Z-2047
Vong Phirun,vong.phirun79@outlook.com,077-609617,PS 8H-2079
Yem Sokchea,yem.sokchea16@outlook.com,078-757226,1B-5678
Yem Sokchea,yem.sokchea16@outlook.com,078-757226,KH 8S-2016
Yem Sokchea,yem.sokchea48@hotmail.com,098-455474,PV 4A-2048
Yem Sokchea,yem.sokchea80@gmail.com,092-318905,PP 9J-2080
Yen Raksa,yen.raksa24@gmail.com,092-184905,KS 7A-2024
Yen Raksa,yen.raksa56@outlook.com,096-204546,KH 3J-2056
Yen Raksa,yen.raksa88@hotmail.com,078-780251,PV 8S-2088
