id,user_id,uploaded_image,detected_sign,confidence,description,guidance,processing_time,review_status,model_version,detected_vehicles,vehicle_count,detected_plate,plate_confidence,plate_type,plate_ocr_details,matched_vehicle_id,created_at
a9e51fee-0735-4287-9404-2972f99fdc0b,48675819-3ab3-4322-aadb-b1b58038ca7a,ai/uploads/demo_001.jpg,3 lanes merge to 2 lanes from the left,90.25,Detected 3 lanes merge to 2 lanes from the left in Phnom Penh corridor,Follow Cambodian traffic sign rules.,1.69,approved,best.pt,[],2,PP-3000,74.96,private,[],b7d408b0-a438-4fc5-ad1f-2c21908621a2,2026-07-27T12:00:00Z
023439dc-4c52-45f8-bba9-ac69655b6e11,de75014b-ec8e-446b-a1a1-1c66c36db029,ai/uploads/demo_002.jpg,3 lanes merge to 2 lanes from the right,92.54,Detected 3 lanes merge to 2 lanes from the right in Phnom Penh corridor,Follow Cambodian traffic sign rules.,2.02,pending,best.pt,[],1,PP-3001,83.87,private,[],cf440eea-064b-4450-a152-bf7bf90aaf1a,2026-07-27T11:43:00Z
8356b8d6-7527-4251-891c-bc7fc41d75c3,efe7849d-38d4-4ed2-88d2-9f6c4ab36a04,ai/uploads/demo_003.jpg,Abreast travelling permitted for bicycles,85.57,Detected Abreast travelling permitted for bicycles in Phnom Penh corridor,Follow Cambodian traffic sign rules.,0.82,approved,best.pt,[],3,PP-3002,91.62,private,[],e10ba921-8380-4493-b945-5ec9a2fcbe59,2026-07-27T11:26:00Z
8a0ea3db-4791-4147-9dd9-4fe8ea754488,c42c9796-d122-4372-8a5a-240adf88dd2a,ai/uploads/demo_004.jpg,Airports,80.03,Detected Airports in Phnom Penh corridor,Follow Cambodian traffic sign rules.,0.99,pending,best.pt,[],3,PP-3003,85.82,private,[],2c308831-f526-47a1-9018-6c8a831a9fb0,2026-07-27T11:09:00Z
e92c8037-2ddc-439f-ae77-32499e8a34b5,11f9c0b2-16c0-41f0-baec-df905285c938,ai/uploads/demo_005.jpg,Animal drawn carts,89.95,Detected Animal drawn carts in Phnom Penh corridor,Follow Cambodian traffic sign rules.,0.88,pending,best.pt,[],1,PP-3004,91.01,private,[],1de43c52-8ece-40f6-bdd2-9c40c90becd0,2026-07-27T10:52:00Z
9bc1a181-721f-4793-82ce-a89896cbdf2f,f4379a50-8a5e-41c7-8f01-aabdd0cfd366,ai/uploads/demo_006.jpg,Animal drawn carts of all form only,87.6,Detected Animal drawn carts of all form only in Phnom Penh corridor,Follow Cambodian traffic sign rules.,2.03,approved,best.pt,[],2,PP-3005,72.6,private,[],2c415e8e-27ca-4e7d-9bf6-ab47c3ce3cd3,2026-07-27T10:35:00Z
a25fb157-5fa4-4642-89e8-3d5fc895c4e4,5ac529c6-f77b-4ac8-adbf-5cb7d0ad12d5,ai/uploads/demo_007.jpg,Arrow direction exclusive lane,92.66,Detected Arrow direction exclusive lane in Phnom Penh corridor,Follow Cambodian traffic sign rules.,0.97,approved,best.pt,[],2,PP-3006,70.66,private,[],71da3a8a-d7b8-4320-9ac2-bb1afaab7dd0,2026-07-27T10:18:00Z
d942c8bd-3802-4748-b54a-ea21293dfd46,17d24adf-b841-4904-bc1a-e6e9e6d8970d,ai/uploads/demo_008.jpg,Asian Highway route 1,81.83,Detected Asian Highway route 1 in Phnom Penh corridor,Follow Cambodian traffic sign rules.,2.19,pending,best.pt,[],3,PP-3007,92.82,private,[],e162634c-51fa-4d68-930f-2fcf555bcbb1,2026-07-27T10:01:00Z
5e5a02d3-9482-4479-882c-eb9776f70d92,73167a17-d159-40a8-9c56-51368f7df173,ai/uploads/demo_009.jpg,Asian Highway route 11,82.49,Detected Asian Highway route 11 in Phnom Penh corridor,Follow Cambodian traffic sign rules.,1.7,approved,best.pt,[],1,PP-3008,72.13,private,[],e59ca6bb-eb9d-435d-9742-3723c851d87d,2026-07-27T09:44:00Z
425d0eae-6567-481c-b7c8-2dd23ae70ed1,855a6fd5-b341-47be-8920-24093b3b95e1,ai/uploads/demo_010.jpg,Backward,79.02,Detected Backward in Phnom Penh corridor,Follow Cambodian traffic sign rules.,1.09,approved,best.pt,[],3,PP-3009,75.76,private,[],0af8d89c-d057-408f-bae7-fce4b506c768,2026-07-27T09:27:00Z
bd02d12a-514a-4370-9686-7f37f85d6ba5,2fe2cdd4-9a9d-4f39-82f5-0a97b524946b,ai/uploads/demo_011.jpg,Beware of trains,95.84,Detected Beware of trains in Phnom Penh corridor,Follow Cambodian traffic sign rules.,1.53,pending,best.pt,[],3,PP-3010,77.15,private,[],050c3ed6-2b71-48bf-a9db-32cfc0dc48d4,2026-07-27T09:10:00Z
0bd31f2e-5120-48da-8289-39d4887648ac,6c14432f-4057-4097-852f-cca97e13d887,ai/uploads/demo_012.jpg,Bicycles,95.83,Detected Bicycles in Phnom Penh corridor,Follow Cambodian traffic sign rules.,2.05,approved,best.pt,[],1,PP-3011,74.16,private,[],a1d9c0cb-eaf5-4627-bc86-98a5693f243e,2026-07-27T08:53:00Z
65ea9d38-5c48-4f52-a6d6-82067a272c03,de829b05-d6b2-4912-ae56-1288e161b836,ai/uploads/demo_013.jpg,Bicycles crossing,87.61,Detected Bicycles crossing in Phnom Penh corridor,Follow Cambodian traffic sign rules.,1.95,pending,best.pt,[],3,PP-3012,88.61,private,[],327304c2-b286-412e-8f83-90b4c7cd1380,2026-07-27T08:36:00Z
e033d927-dc70-40d0-b643-1ef9e1c7b49c,c4f92db9-eebc-4481-87ac-2e27a485c4ce,ai/uploads/demo_014.jpg,Bicycles only,95.24,Detected Bicycles only in Phnom Penh corridor,Follow Cambodian traffic sign rules.,1.01,pending,best.pt,[],3,PP-3013,93.69,private,[],94bd5832-fe72-4540-88cc-eeb12ee9813a,2026-07-27T08:19:00Z
78ff0e73-b009-4d5d-8341-e78bf2735cb0,27df8364-4704-4a08-a834-a301b3692b49,ai/uploads/demo_015.jpg,Boats ramp,90.16,Detected Boats ramp in Phnom Penh corridor,Follow Cambodian traffic sign rules.,1.28,approved,best.pt,[],3,PP-3014,81.67,private,[],1001da4f-db71-4618-acb2-b0e40a28a124,2026-07-27T08:02:00Z
bb2be15c-bed1-41de-80ef-43b004ac3dba,13a32442-3386-40d5-9e23-1304a85aaff1,ai/uploads/demo_016.jpg,Built-up area begins,80.77,Detected Built-up area begins in Phnom Penh corridor,Follow Cambodian traffic sign rules.,1.68,pending,best.pt,[],3,PP-3015,83.98,private,[],b2a3fa3d-569a-485b-8f42-96fc34bd12a4,2026-07-27T07:45:00Z
3fe5ceb7-fabd-4480-8399-d99623336a4c,762d431d-5ad1-44ad-8ccd-18415c25d632,ai/uploads/demo_017.jpg,Built-up area ends,91.58,Detected Built-up area ends in Phnom Penh corridor,Follow Cambodian traffic sign rules.,2.17,approved,best.pt,[],1,PP-3016,78.41,private,[],2e561407-8904-4c6d-ba6c-47b3f4eefdc0,2026-07-27T07:28:00Z
2956b7e1-b3aa-46b2-83e9-b7a7e8cbe8e0,f3b19f88-3220-4d92-8135-ccbf071e7322,ai/uploads/demo_018.jpg,Buses,79.9,Detected Buses in Phnom Penh corridor,Follow Cambodian traffic sign rules.,1.94,pending,best.pt,[],4,PP-3017,82.87,private,[],8a110f83-3085-4676-bc4c-082ea42c19be,2026-07-27T07:11:00Z
09b6cf1a-0ae2-4bc3-af68-af284f7c4c90,b0163d17-b047-485f-b701-60cf1213d8a2,ai/uploads/demo_019.jpg,Buses lane,96.08,Detected Buses lane in Phnom Penh corridor,Follow Cambodian traffic sign rules.,1.82,approved,best.pt,[],3,PP-3018,73.73,private,[],95860334-5616-4f3e-a76b-cd8d8790734a,2026-07-27T06:54:00Z
b149322b-9b91-4ae5-8004-2768478108c5,3f990a98-e1c1-45ca-b98e-3de76b3025bf,ai/uploads/demo_020.jpg,Buses stop marking,89.59,Detected Buses stop marking in Phnom Penh corridor,Follow Cambodian traffic sign rules.,0.86,pending,best.pt,[],1,PP-3019,75.23,private,[],6c9c994a-d897-443d-8c5e-ae03fe9f76e5,2026-07-27T06:37:00Z
25684e7f-6489-45e8-9bc9-c4a7b7a7eae2,213c48ec-a0f2-44e8-88bc-a043d8165004,ai/uploads/demo_021.jpg,Camping area,92.46,Detected Camping area in Phnom Penh corridor,Follow Cambodian traffic sign rules.,1.52,pending,best.pt,[],4,PP-3020,91.12,private,[],72f6dc2e-de76-4cdb-aff0-2e44b9e24a66,2026-07-27T06:20:00Z
3d8993ea-54db-4d73-b06a-41bd481fd25f,79014366-f2cc-42a9-a9da-fa30c51b383e,ai/uploads/demo_022.jpg,Caravans park and camping area,86.33,Detected Caravans park and camping area in Phnom Penh corridor,Follow Cambodian traffic sign rules.,1.12,approved,best.pt,[],2,PP-3021,87.06,private,[],5e636b18-68de-4716-b2a7-b9d008d31fa5,2026-07-27T06:03:00Z
a62937fd-988e-4bed-989e-c3a96da20085,f783f95c-89e4-4950-b0fe-86e60049a354,ai/uploads/demo_023.jpg,Caravans park or site,94.05,Detected Caravans park or site in Phnom Penh corridor,Follow Cambodian traffic sign rules.,2.21,approved,best.pt,[],3,PP-3022,70.52,private,[],1976b7a0-d977-4cb4-a2b7-352899f37558,2026-07-27T05:46:00Z
5b8d8f35-06f8-44d3-b415-e4e824a50c94,7ed2c4ac-f9c1-4a8e-b52e-f38f4545334e,ai/uploads/demo_024.jpg,Cars,85.49,Detected Cars in Phnom Penh corridor,Follow Cambodian traffic sign rules.,1.6,approved,best.pt,[],3,PP-3023,78.18,private,[],b4df1b16-08e6-414e-b817-ab6be191aa18,2026-07-27T05:29:00Z
ea8ec5ec-1ea4-4f9c-98a0-397b360f3d0b,3ec54ffd-9daf-4b69-a809-426afd6a208b,ai/uploads/demo_025.jpg,Cars only,84.53,Detected Cars only in Phnom Penh corridor,Follow Cambodian traffic sign rules.,1.2,approved,best.pt,[],2,PP-3024,85.45,private,[],2312bbbb-c7eb-48ab-979c-aba88541cf06,2026-07-27T05:12:00Z
301db591-744a-48f1-9bf1-1d5acb93d82a,1b7538c7-7981-4310-814c-e513a8dc90a5,ai/uploads/demo_026.jpg,Cattle or domestic animals,89.32,Detected Cattle or domestic animals in Phnom Penh corridor,Follow Cambodian traffic sign rules.,1.9,pending,best.pt,[],2,PP-3025,81.59,private,[],e431ac35-d979-43cd-88a2-1e8a0e916649,2026-07-27T04:55:00Z
c21c5d16-6a7b-4938-9dcf-03e47fb93b4c,1cb301a1-562a-4a9a-a46e-c33a58b5d213,ai/uploads/demo_027.jpg,Chevron marker (to the left),83.34,Detected Chevron marker (to the left) in Phnom Penh corridor,Follow Cambodian traffic sign rules.,1.78,pending,best.pt,[],3,PP-3026,94.38,private,[],4691ee60-8a63-4eb3-9533-cd21d60f69d8,2026-07-27T04:38:00Z
510f75f6-0665-4638-a98a-d765e462beaa,2b4df669-1139-4872-b7a6-104550120312,ai/uploads/demo_028.jpg,Chevron marker (to the right),80.88,Detected Chevron marker (to the right) in Phnom Penh corridor,Follow Cambodian traffic sign rules.,1.89,pending,best.pt,[],4,PP-3027,75.32,private,[],94be3e5d-16f7-4e99-8b33-0ccbee245b77,2026-07-27T04:21:00Z
3b5b14d3-a1f4-4532-9a5f-8c623e245f4b,46740461-c0c0-4a8a-bb81-8de6f1939e47,ai/uploads/demo_029.jpg,Chevron markings (one-way road),91.05,Detected Chevron markings (one-way road) in Phnom Penh corridor,Follow Cambodian traffic sign rules.,0.84,approved,best.pt,[],2,PP-3028,80.14,private,[],77011be9-a304-419f-a165-f01c4f0eb7fc,2026-07-27T04:04:00Z
13232b73-8cec-44f8-8626-3245a16f87bd,2f611083-e288-4051-9b6f-7ddc7cb279a2,ai/uploads/demo_030.jpg,Clinic,94.27,Detected Clinic in Phnom Penh corridor,Follow Cambodian traffic sign rules.,1.27,approved,best.pt,[],2,PP-3029,71.42,private,[],fef0c2f3-5876-4eb1-b7ce-0e5d1e298d64,2026-07-27T03:47:00Z
b03bea3c-f89a-425a-a306-5754124146c8,329f0a4d-b634-4efb-9f7a-f75b95687171,ai/uploads/demo_031.jpg,Closed for All Road Users,96.17,Detected Closed for All Road Users in Phnom Penh corridor,Follow Cambodian traffic sign rules.,1.96,approved,best.pt,[],1,PP-3030,72.6,private,[],c1d31a98-a200-49d0-a0c9-beab7cf8684c,2026-07-27T03:30:00Z
499f8ba5-a1cd-430e-96d0-e796adfe6452,4fccb4bb-c327-4017-927e-5957c1081f28,ai/uploads/demo_032.jpg,3 lanes merge to 2 lanes from the left,94.9,Detected 3 lanes merge to 2 lanes from the left in Phnom Penh corridor,Follow Cambodian traffic sign rules.,1.43,pending,best.pt,[],2,PP-3031,73.27,private,[],df7cf629-dda5-4689-babc-ab9e49e7f80f,2026-07-27T03:13:00Z
84cd4a0b-3c23-4e70-9f60-40d2e214a0e2,413c08c5-49f6-4e22-8c3b-34dc55336716,ai/uploads/demo_033.jpg,3 lanes merge to 2 lanes from the right,96.6,Detected 3 lanes merge to 2 lanes from the right in Phnom Penh corridor,Follow Cambodian traffic sign rules.,1.77,pending,best.pt,[],2,PP-3032,76.14,private,[],b9ade834-09a2-448b-98d8-d17492705106,2026-07-27T02:56:00Z
fa0f3fea-8b6e-41d9-933c-c3465b356b98,e5de8574-443b-4dc5-9279-9680806d6a0a,ai/uploads/demo_034.jpg,Abreast travelling permitted for bicycles,78.79,Detected Abreast travelling permitted for bicycles in Phnom Penh corridor,Follow Cambodian traffic sign rules.,1.28,approved,best.pt,[],4,PP-3033,82.58,private,[],302ae8e3-eaf6-4025-9a77-5b57dcf331a2,2026-07-27T02:39:00Z
40498ee9-fa74-4864-b083-23c1a8d0f051,a52af9d2-e50c-4e45-a98c-6fa94995cca6,ai/uploads/demo_035.jpg,Airports,91.92,Detected Airports in Phnom Penh corridor,Follow Cambodian traffic sign rules.,1.64,approved,best.pt,[],1,PP-3034,91.02,private,[],335e545a-d310-4fd7-8f75-b3d6fcaa15ec,2026-07-27T02:22:00Z
e3bd355f-d6f7-4468-abd4-7437c0ecdcb0,51fcfd22-dd27-4df0-986e-ff4dbb2a25e7,ai/uploads/demo_036.jpg,Animal drawn carts,89.18,Detected Animal drawn carts in Phnom Penh corridor,Follow Cambodian traffic sign rules.,1.3,approved,best.pt,[],2,PP-3035,78.15,private,[],cb9d643e-039c-43d8-b19e-4c42736267b5,2026-07-27T02:05:00Z
f035864a-045a-4968-9814-7b138e6c8ea8,87d87928-e103-4513-9b6c-95ce25e9d8a6,ai/uploads/demo_037.jpg,Animal drawn carts of all form only,88.09,Detected Animal drawn carts of all form only in Phnom Penh corridor,Follow Cambodian traffic sign rules.,1.53,approved,best.pt,[],1,PP-3036,91.76,private,[],b7bc4896-aa27-4a6d-a34c-ca8803b58c67,2026-07-27T01:48:00Z
80eb1581-3515-4c2f-a2fb-1296529d63e6,10a75e26-03d7-42de-b5f5-f0090f8f8aed,ai/uploads/demo_038.jpg,Arrow direction exclusive lane,79.0,Detected Arrow direction exclusive lane in Phnom Penh corridor,Follow Cambodian traffic sign rules.,0.83,approved,best.pt,[],2,PP-3037,81.59,private,[],7222f62f-413e-4100-a43e-cd1b4a995e09,2026-07-27T01:31:00Z
ffbc4396-d1b3-4820-9577-c773c90b9b5b,32230e64-63fa-4369-85cf-4870bbdb6f6a,ai/uploads/demo_039.jpg,Asian Highway route 1,96.42,Detected Asian Highway route 1 in Phnom Penh corridor,Follow Cambodian traffic sign rules.,1.63,pending,best.pt,[],4,PP-3038,87.59,private,[],d9a26f4f-e27f-4d76-9939-edab00e561b1,2026-07-27T01:14:00Z
354f4e51-4d1e-45f7-89bc-f0de447cb3af,5dcc44ff-513c-4a71-a614-7600fde2ce62,ai/uploads/demo_040.jpg,Asian Highway route 11,88.73,Detected Asian Highway route 11 in Phnom Penh corridor,Follow Cambodian traffic sign rules.,1.97,approved,best.pt,[],4,PP-3039,88.16,private,[],c30026ad-2c3a-49d6-9afc-ab15005459b9,2026-07-27T00:57:00Z
0c8f4665-ab48-49e8-bf0d-8ae8fd117343,49029027-000a-4ca8-af66-46d6be07bf3d,ai/uploads/demo_041.jpg,Backward,97.05,Detected Backward in Phnom Penh corridor,Follow Cambodian traffic sign rules.,0.99,approved,best.pt,[],4,PP-3040,83.85,private,[],7fe87f09-1699-4d08-b235-98c58f0b39d8,2026-07-27T00:40:00Z
7f9a6258-ba08-408a-b777-71429e0bc6d5,77b0b79a-5fb7-417b-a050-d0b4cb58f229,ai/uploads/demo_042.jpg,Beware of trains,78.32,Detected Beware of trains in Phnom Penh corridor,Follow Cambodian traffic sign rules.,1.55,approved,best.pt,[],1,PP-3041,75.33,private,[],4eb3148a-e8e7-4886-9962-5a94ca2704bc,2026-07-27T00:23:00Z
a7d856c6-d391-4d3c-bbd3-79e26720981a,7bfdbaab-2ae4-4289-94e2-3021f088c7ed,ai/uploads/demo_043.jpg,Bicycles,80.3,Detected Bicycles in Phnom Penh corridor,Follow Cambodian traffic sign rules.,1.74,pending,best.pt,[],2,PP-3042,70.25,private,[],6b7166ef-835e-4219-91ee-ef5ab6104120,2026-07-27T00:06:00Z
fc6e0a8c-f97b-4674-9ed0-13b385250707,dd604e9e-cdd3-45a9-896e-2d2c1d2d16fc,ai/uploads/demo_044.jpg,Bicycles crossing,81.12,Detected Bicycles crossing in Phnom Penh corridor,Follow Cambodian traffic sign rules.,1.24,approved,best.pt,[],1,PP-3043,85.25,private,[],224b31d2-f49a-437b-b74b-af7488bf211b,2026-07-26T23:49:00Z
d7035755-1a0c-4853-981c-fade370723ad,55f5d407-dcf3-4212-b029-e606c9701dd6,ai/uploads/demo_045.jpg,Bicycles only,80.39,Detected Bicycles only in Phnom Penh corridor,Follow Cambodian traffic sign rules.,0.99,approved,best.pt,[],1,PP-3044,83.77,private,[],d49c2ace-928f-4f3f-81a8-d600fc5301a0,2026-07-26T23:32:00Z
818ec500-ce9b-4be6-8797-f0e00d411c23,228d3b4d-99c1-4636-af56-fd1ff81a01dd,ai/uploads/demo_046.jpg,Boats ramp,78.69,Detected Boats ramp in Phnom Penh corridor,Follow Cambodian traffic sign rules.,1.54,pending,best.pt,[],1,PP-3045,74.84,private,[],7b65b62b-fc0b-4769-a39f-4f5fcfc6aa7d,2026-07-26T23:15:00Z
72062c9e-22b0-4a24-a6e0-d37a7951eb71,90874d50-1c54-4a1f-bfe1-b22551b99608,ai/uploads/demo_047.jpg,Built-up area begins,90.77,Detected Built-up area begins in Phnom Penh corridor,Follow Cambodian traffic sign rules.,0.95,approved,best.pt,[],3,PP-3046,90.65,private,[],07474397-d800-436f-b0e0-23220dafaae0,2026-07-26T22:58:00Z
7695678c-8f39-44f0-bd82-459e254e02c5,836de8dd-512b-4d48-85c2-f823d334131f,ai/uploads/demo_048.jpg,Built-up area ends,83.04,Detected Built-up area ends in Phnom Penh corridor,Follow Cambodian traffic sign rules.,1.91,approved,best.pt,[],4,PP-3047,91.79,private,[],60a675d4-0977-4c04-8ae8-c04208c82c9e,2026-07-26T22:41:00Z
18ecb8fd-f98b-492a-8f2c-29337b14fcd7,8e67bba3-12b0-4bb2-9724-f15e8db92aba,ai/uploads/demo_049.jpg,Buses,82.19,Detected Buses in Phnom Penh corridor,Follow Cambodian traffic sign rules.,1.84,pending,best.pt,[],2,PP-3048,89.14,private,[],675e9d25-660a-4767-8bc1-76578b72ef63,2026-07-26T22:24:00Z
e2a6f37a-fcbf-40a7-b7e3-43601b6c6bbe,4c5e5dbb-c981-49c3-a839-4c2cb0a8f9aa,ai/uploads/demo_050.jpg,Buses lane,91.84,Detected Buses lane in Phnom Penh corridor,Follow Cambodian traffic sign rules.,1.62,pending,best.pt,[],4,PP-3049,84.16,private,[],94511e51-9571-4019-852e-fda65a74ba19,2026-07-26T22:07:00Z
758d1fde-75e9-47b5-acf4-178c21157d61,f59b8123-3743-467f-ab0f-9f8110024214,ai/uploads/demo_051.jpg,Buses stop marking,86.99,Detected Buses stop marking in Phnom Penh corridor,Follow Cambodian traffic sign rules.,1.92,pending,best.pt,[],2,PP-3050,76.84,private,[],38744ad2-5838-41ee-abeb-97665ac6418e,2026-07-26T21:50:00Z
f6ed37cb-2df8-412c-854e-373a720c0afc,1518afdf-297a-49c5-8a7c-7815ce4edfdd,ai/uploads/demo_052.jpg,Camping area,82.07,Detected Camping area in Phnom Penh corridor,Follow Cambodian traffic sign rules.,1.11,pending,best.pt,[],4,PP-3051,80.57,private,[],a6478f73-af07-479b-980d-15ce24727842,2026-07-26T21:33:00Z
731d9876-beda-47ac-8374-966b72d91f65,c844c4a8-6d0a-412e-8dc1-5b95a246458a,ai/uploads/demo_053.jpg,Caravans park and camping area,87.88,Detected Caravans park and camping area in Phnom Penh corridor,Follow Cambodian traffic sign rules.,0.97,approved,best.pt,[],2,PP-3052,79.1,private,[],8424df54-8a8b-4737-beb0-65c0f7335e87,2026-07-26T21:16:00Z
d65e80a3-c2ab-40bb-a4ff-3f74ba7d7440,11ed348f-2a58-4cd2-a7b2-a5958c5e5d7a,ai/uploads/demo_054.jpg,Caravans park or site,83.95,Detected Caravans park or site in Phnom Penh corridor,Follow Cambodian traffic sign rules.,1.67,pending,best.pt,[],3,PP-3053,72.36,private,[],3679f6bd-fa07-430d-9d05-269539966016,2026-07-26T20:59:00Z
5acd0275-c5d1-4910-82ac-c5ac4bfceeac,d884e21c-1ae5-45e7-bb29-75f795fdd23b,ai/uploads/demo_055.jpg,Cars,94.15,Detected Cars in Phnom Penh corridor,Follow Cambodian traffic sign rules.,2.14,approved,best.pt,[],2,PP-3054,78.97,private,[],287fa686-cd48-4729-9089-8363dd84b9c2,2026-07-26T20:42:00Z
7eab90a2-c684-4bdc-bbc8-78ffe3015e0e,4f2e09e6-974a-4a8d-a8a5-e9ed582f7696,ai/uploads/demo_056.jpg,Cars only,81.19,Detected Cars only in Phnom Penh corridor,Follow Cambodian traffic sign rules.,1.82,approved,best.pt,[],4,PP-3055,79.65,private,[],d2ebd76a-6342-4b3d-b014-3e5c7e6f9c19,2026-07-26T20:25:00Z
d8a26865-4e39-4514-8df6-26179bc77f91,2f478d31-727d-4bde-917e-8eddbc1630ea,ai/uploads/demo_057.jpg,Cattle or domestic animals,84.08,Detected Cattle or domestic animals in Phnom Penh corridor,Follow Cambodian traffic sign rules.,1.06,approved,best.pt,[],3,PP-3056,75.62,private,[],1e8efe54-e967-4d3d-8dce-0c584de3db46,2026-07-26T20:08:00Z
56a7ac42-15ba-428e-ba7a-15b6d317c357,5c59b020-880c-417f-9fc1-49469032dddd,ai/uploads/demo_058.jpg,Chevron marker (to the left),85.85,Detected Chevron marker (to the left) in Phnom Penh corridor,Follow Cambodian traffic sign rules.,1.91,approved,best.pt,[],4,PP-3057,75.4,private,[],8b2765f0-962b-487f-8802-ac5326afe9cb,2026-07-26T19:51:00Z
8881769f-1754-4521-aedc-e654ad3d2f2a,0ae75c0f-0ee5-429c-9f79-23f74f2a9c64,ai/uploads/demo_059.jpg,Chevron marker (to the right),95.95,Detected Chevron marker (to the right) in Phnom Penh corridor,Follow Cambodian traffic sign rules.,1.92,approved,best.pt,[],3,PP-3058,71.66,private,[],c808aacc-b19d-4102-91d4-e1f7813a6364,2026-07-26T19:34:00Z
70e9eba4-9763-416f-b840-a28eb06f5d2b,d56f0fab-d698-4a46-94e2-d27b19375d23,ai/uploads/demo_060.jpg,Chevron markings (one-way road),84.75,Detected Chevron markings (one-way road) in Phnom Penh corridor,Follow Cambodian traffic sign rules.,1.98,approved,best.pt,[],2,PP-3059,93.27,private,[],d7df5e28-67a0-440f-a709-5020178651a6,2026-07-26T19:17:00Z
cf1a1f4b-07a0-4e50-983e-8636cdc73a42,2a625023-0ba1-43e1-bf86-62868cbc62bf,ai/uploads/demo_061.jpg,Clinic,94.84,Detected Clinic in Phnom Penh corridor,Follow Cambodian traffic sign rules.,1.43,approved,best.pt,[],4,PP-3060,90.21,private,[],70992f82-59dc-4c4c-941b-5a61c75b09ca,2026-07-26T19:00:00Z
cc38971f-2d82-4082-a978-41411262d175,48ec89e4-b4d7-4a4f-b686-399ee120ae61,ai/uploads/demo_062.jpg,Closed for All Road Users,88.97,Detected Closed for All Road Users in Phnom Penh corridor,Follow Cambodian traffic sign rules.,1.67,approved,best.pt,[],1,PP-3061,91.43,private,[],1b54417d-26a7-40da-b71d-cc259ea51036,2026-07-26T18:43:00Z
71ddf56d-0a5f-460e-9c95-e13f0b283f29,8a1c80e8-4133-48a0-92d4-e28698cc0312,ai/uploads/demo_063.jpg,3 lanes merge to 2 lanes from the left,83.64,Detected 3 lanes merge to 2 lanes from the left in Phnom Penh corridor,Follow Cambodian traffic sign rules.,1.46,pending,best.pt,[],3,PP-3062,87.38,private,[],8d58967e-4a29-463e-bc8d-4a8ca0038733,2026-07-26T18:26:00Z
a17f6b0b-f442-483c-b3d5-802d6a1a7b48,b99fa557-0462-47e7-a3fa-99c79605099c,ai/uploads/demo_064.jpg,3 lanes merge to 2 lanes from the right,91.77,Detected 3 lanes merge to 2 lanes from the right in Phnom Penh corridor,Follow Cambodian traffic sign rules.,0.93,approved,best.pt,[],1,PP-3063,79.48,private,[],b85e0b3d-0865-4b80-8de0-9db529fa36e0,2026-07-26T18:09:00Z
f14d3e99-56bb-403b-a786-7841d7e11ac9,78b1912a-dd01-4084-901a-83135e1f41c5,ai/uploads/demo_065.jpg,Abreast travelling permitted for bicycles,97.2,Detected Abreast travelling permitted for bicycles in Phnom Penh corridor,Follow Cambodian traffic sign rules.,1.76,approved,best.pt,[],4,PP-3064,92.09,private,[],a93f9199-0c46-44fd-8727-beacda11c640,2026-07-26T17:52:00Z
3725fdde-6ed9-46bb-82fd-b1d899ec7b28,dd5e6a7d-7e1f-4cc3-9ca1-bb4693b722a2,ai/uploads/demo_066.jpg,Airports,93.07,Detected Airports in Phnom Penh corridor,Follow Cambodian traffic sign rules.,1.55,approved,best.pt,[],3,PP-3065,81.8,private,[],0677265e-d75d-47b6-b6d8-6b9653946583,2026-07-26T17:35:00Z
e543992d-5c79-4ea9-a72d-5f4c0c536723,adb79f60-41a3-4386-8ed2-fa31a15a3ee2,ai/uploads/demo_067.jpg,Animal drawn carts,91.25,Detected Animal drawn carts in Phnom Penh corridor,Follow Cambodian traffic sign rules.,0.88,pending,best.pt,[],3,PP-3066,85.95,private,[],831a4728-b224-488c-a194-4ecf7b1b243b,2026-07-26T17:18:00Z
22a1c8b2-3baa-4a68-9e44-69c995c84a82,a2c4d5dd-172e-4b86-95c6-b09c83d95c34,ai/uploads/demo_068.jpg,Animal drawn carts of all form only,96.88,Detected Animal drawn carts of all form only in Phnom Penh corridor,Follow Cambodian traffic sign rules.,1.15,pending,best.pt,[],1,PP-3067,85.1,private,[],2ee0a57f-0d38-4c70-b8b5-aa52b2a934cc,2026-07-26T17:01:00Z
f325220d-efee-49a7-8720-b2be97d889b9,43b06b92-5c9a-4bb1-89be-ea5ba68bced5,ai/uploads/demo_069.jpg,Arrow direction exclusive lane,82.64,Detected Arrow direction exclusive lane in Phnom Penh corridor,Follow Cambodian traffic sign rules.,1.47,pending,best.pt,[],2,PP-3068,74.1,private,[],20c2cb9a-fa23-4561-9b59-12b9190117a6,2026-07-26T16:44:00Z
04626850-4dfc-4928-8792-cbcf832dc555,3493b333-9551-47f0-b742-789fbc10b394,ai/uploads/demo_070.jpg,Asian Highway route 1,90.35,Detected Asian Highway route 1 in Phnom Penh corridor,Follow Cambodian traffic sign rules.,1.09,approved,best.pt,[],1,PP-3069,92.03,private,[],9c89acd1-5f24-4d0c-9960-349126d299c5,2026-07-26T16:27:00Z
9e56ce21-e08f-48d7-bbdb-483226e746ce,48675819-3ab3-4322-aadb-b1b58038ca7a,ai/uploads/demo_071.jpg,Asian Highway route 11,79.28,Detected Asian Highway route 11 in Phnom Penh corridor,Follow Cambodian traffic sign rules.,1.3,pending,best.pt,[],4,PP-3000,84.54,private,[],b7d408b0-a438-4fc5-ad1f-2c21908621a2,2026-07-26T16:10:00Z
c568fb13-3498-4d8a-83a3-2786d35d0606,de75014b-ec8e-446b-a1a1-1c66c36db029,ai/uploads/demo_072.jpg,Backward,83.93,Detected Backward in Phnom Penh corridor,Follow Cambodian traffic sign rules.,1.44,approved,best.pt,[],4,PP-3001,75.64,private,[],cf440eea-064b-4450-a152-bf7bf90aaf1a,2026-07-26T15:53:00Z
70442f3e-a3cc-4da7-b0ab-90c412f8a285,efe7849d-38d4-4ed2-88d2-9f6c4ab36a04,ai/uploads/demo_073.jpg,Beware of trains,87.55,Detected Beware of trains in Phnom Penh corridor,Follow Cambodian traffic sign rules.,1.65,pending,best.pt,[],1,PP-3002,70.34,private,[],e10ba921-8380-4493-b945-5ec9a2fcbe59,2026-07-26T15:36:00Z
bb91c192-ec63-49cf-93da-1d9382f09245,c42c9796-d122-4372-8a5a-240adf88dd2a,ai/uploads/demo_074.jpg,Bicycles,88.34,Detected Bicycles in Phnom Penh corridor,Follow Cambodian traffic sign rules.,2.04,approved,best.pt,[],4,PP-3003,89.85,private,[],2c308831-f526-47a1-9018-6c8a831a9fb0,2026-07-26T15:19:00Z
9ae39412-2555-4e51-83bd-7fbc40eff881,11f9c0b2-16c0-41f0-baec-df905285c938,ai/uploads/demo_075.jpg,Bicycles crossing,87.02,Detected Bicycles crossing in Phnom Penh corridor,Follow Cambodian traffic sign rules.,1.27,approved,best.pt,[],1,PP-3004,82.99,private,[],1de43c52-8ece-40f6-bdd2-9c40c90becd0,2026-07-26T15:02:00Z
a1f7dcef-b0fa-4ede-938b-f983428d0dc3,f4379a50-8a5e-41c7-8f01-aabdd0cfd366,ai/uploads/demo_076.jpg,Bicycles only,83.71,Detected Bicycles only in Phnom Penh corridor,Follow Cambodian traffic sign rules.,0.97,approved,best.pt,[],2,PP-3005,83.64,private,[],2c415e8e-27ca-4e7d-9bf6-ab47c3ce3cd3,2026-07-26T14:45:00Z
3f98333e-3d8c-49b1-90d7-db662f770e42,5ac529c6-f77b-4ac8-adbf-5cb7d0ad12d5,ai/uploads/demo_077.jpg,Boats ramp,79.82,Detected Boats ramp in Phnom Penh corridor,Follow Cambodian traffic sign rules.,1.97,approved,best.pt,[],1,PP-3006,77.96,private,[],71da3a8a-d7b8-4320-9ac2-bb1afaab7dd0,2026-07-26T14:28:00Z
2a0dcc61-abca-471b-949e-dfe4cfde1a48,17d24adf-b841-4904-bc1a-e6e9e6d8970d,ai/uploads/demo_078.jpg,Built-up area begins,91.91,Detected Built-up area begins in Phnom Penh corridor,Follow Cambodian traffic sign rules.,2.19,approved,best.pt,[],3,PP-3007,81.12,private,[],e162634c-51fa-4d68-930f-2fcf555bcbb1,2026-07-26T14:11:00Z
ccb6e3a9-a8e5-4aa3-ab5f-0d31ebcbd3be,73167a17-d159-40a8-9c56-51368f7df173,ai/uploads/demo_079.jpg,Built-up area ends,85.96,Detected Built-up area ends in Phnom Penh corridor,Follow Cambodian traffic sign rules.,2.19,pending,best.pt,[],3,PP-3008,80.18,private,[],e59ca6bb-eb9d-435d-9742-3723c851d87d,2026-07-26T13:54:00Z
98278426-ed43-4fc0-9235-54c632ee5f3b,855a6fd5-b341-47be-8920-24093b3b95e1,ai/uploads/demo_080.jpg,Buses,78.41,Detected Buses in Phnom Penh corridor,Follow Cambodian traffic sign rules.,1.39,pending,best.pt,[],3,PP-3009,90.19,private,[],0af8d89c-d057-408f-bae7-fce4b506c768,2026-07-26T13:37:00Z
e3b4dd88-38cd-463d-84fd-9c172aaf1a83,2fe2cdd4-9a9d-4f39-82f5-0a97b524946b,ai/uploads/demo_081.jpg,Buses lane,86.17,Detected Buses lane in Phnom Penh corridor,Follow Cambodian traffic sign rules.,1.87,pending,best.pt,[],3,PP-3010,86.45,private,[],050c3ed6-2b71-48bf-a9db-32cfc0dc48d4,2026-07-26T13:20:00Z
91a4779b-ac42-404a-8854-d4abc6a62176,6c14432f-4057-4097-852f-cca97e13d887,ai/uploads/demo_082.jpg,Buses stop marking,78.57,Detected Buses stop marking in Phnom Penh corridor,Follow Cambodian traffic sign rules.,1.19,approved,best.pt,[],4,PP-3011,74.52,private,[],a1d9c0cb-eaf5-4627-bc86-98a5693f243e,2026-07-26T13:03:00Z
7e1754aa-43bd-437a-9680-f61e8998b43f,de829b05-d6b2-4912-ae56-1288e161b836,ai/uploads/demo_083.jpg,Camping area,94.15,Detected Camping area in Phnom Penh corridor,Follow Cambodian traffic sign rules.,1.84,approved,best.pt,[],2,PP-3012,83.31,private,[],327304c2-b286-412e-8f83-90b4c7cd1380,2026-07-26T12:46:00Z
d48a5ef3-2617-40f8-a984-6abfe8e6268e,c4f92db9-eebc-4481-87ac-2e27a485c4ce,ai/uploads/demo_084.jpg,Caravans park and camping area,96.91,Detected Caravans park and camping area in Phnom Penh corridor,Follow Cambodian traffic sign rules.,1.16,approved,best.pt,[],1,PP-3013,82.87,private,[],94bd5832-fe72-4540-88cc-eeb12ee9813a,2026-07-26T12:29:00Z
398f02d9-735a-498b-a826-9d39dad4082e,27df8364-4704-4a08-a834-a301b3692b49,ai/uploads/demo_085.jpg,Caravans park or site,83.11,Detected Caravans park or site in Phnom Penh corridor,Follow Cambodian traffic sign rules.,2.12,approved,best.pt,[],1,PP-3014,85.02,private,[],1001da4f-db71-4618-acb2-b0e40a28a124,2026-07-26T12:12:00Z
d026357e-853d-4107-a3e2-48dd90d547ce,13a32442-3386-40d5-9e23-1304a85aaff1,ai/uploads/demo_086.jpg,Cars,92.21,Detected Cars in Phnom Penh corridor,Follow Cambodian traffic sign rules.,1.64,pending,best.pt,[],3,PP-3015,75.1,private,[],b2a3fa3d-569a-485b-8f42-96fc34bd12a4,2026-07-26T11:55:00Z
948b3787-b959-44c9-9b1a-295df0dd69a4,762d431d-5ad1-44ad-8ccd-18415c25d632,ai/uploads/demo_087.jpg,Cars only,82.81,Detected Cars only in Phnom Penh corridor,Follow Cambodian traffic sign rules.,1.81,approved,best.pt,[],3,PP-3016,85.11,private,[],2e561407-8904-4c6d-ba6c-47b3f4eefdc0,2026-07-26T11:38:00Z
217c5073-3301-454c-a28c-8410f74624e0,f3b19f88-3220-4d92-8135-ccbf071e7322,ai/uploads/demo_088.jpg,Cattle or domestic animals,85.22,Detected Cattle or domestic animals in Phnom Penh corridor,Follow Cambodian traffic sign rules.,0.87,pending,best.pt,[],2,PP-3017,80.48,private,[],8a110f83-3085-4676-bc4c-082ea42c19be,2026-07-26T11:21:00Z
3a3b5937-fc68-41d7-af3f-1953c74d5359,b0163d17-b047-485f-b701-60cf1213d8a2,ai/uploads/demo_089.jpg,Chevron marker (to the left),82.81,Detected Chevron marker (to the left) in Phnom Penh corridor,Follow Cambodian traffic sign rules.,1.9,pending,best.pt,[],4,PP-3018,92.75,private,[],95860334-5616-4f3e-a76b-cd8d8790734a,2026-07-26T11:04:00Z
bd4db44c-bf5f-4044-afd4-b0c265bc5cd1,3f990a98-e1c1-45ca-b98e-3de76b3025bf,ai/uploads/demo_090.jpg,Chevron marker (to the right),87.15,Detected Chevron marker (to the right) in Phnom Penh corridor,Follow Cambodian traffic sign rules.,1.74,approved,best.pt,[],1,PP-3019,83.12,private,[],6c9c994a-d897-443d-8c5e-ae03fe9f76e5,2026-07-26T10:47:00Z
b4dc7a8c-e701-446e-99f9-a532c2b368a9,213c48ec-a0f2-44e8-88bc-a043d8165004,ai/uploads/demo_091.jpg,Chevron markings (one-way road),92.13,Detected Chevron markings (one-way road) in Phnom Penh corridor,Follow Cambodian traffic sign rules.,1.12,approved,best.pt,[],1,PP-3020,71.21,private,[],72f6dc2e-de76-4cdb-aff0-2e44b9e24a66,2026-07-26T10:30:00Z
9fbf0db7-2c86-4b8b-88a9-6cbd569a68a3,79014366-f2cc-42a9-a9da-fa30c51b383e,ai/uploads/demo_092.jpg,Clinic,91.03,Detected Clinic in Phnom Penh corridor,Follow Cambodian traffic sign rules.,2.09,approved,best.pt,[],4,PP-3021,93.09,private,[],5e636b18-68de-4716-b2a7-b9d008d31fa5,2026-07-26T10:13:00Z
7b97d404-ce10-4610-bdc1-e351178afee0,f783f95c-89e4-4950-b0fe-86e60049a354,ai/uploads/demo_093.jpg,Closed for All Road Users,88.98,Detected Closed for All Road Users in Phnom Penh corridor,Follow Cambodian traffic sign rules.,1.15,approved,best.pt,[],1,PP-3022,91.86,private,[],1976b7a0-d977-4cb4-a2b7-352899f37558,2026-07-26T09:56:00Z
32466b1b-d0ca-415b-a9cd-677eb3ebbc86,7ed2c4ac-f9c1-4a8e-b52e-f38f4545334e,ai/uploads/demo_094.jpg,3 lanes merge to 2 lanes from the left,91.06,Detected 3 lanes merge to 2 lanes from the left in Phnom Penh corridor,Follow Cambodian traffic sign rules.,1.64,approved,best.pt,[],2,PP-3023,70.71,private,[],b4df1b16-08e6-414e-b817-ab6be191aa18,2026-07-26T09:39:00Z
3edbf96b-4db3-4a46-a9db-1a81d3f9c7f0,3ec54ffd-9daf-4b69-a809-426afd6a208b,ai/uploads/demo_095.jpg,3 lanes merge to 2 lanes from the right,95.39,Detected 3 lanes merge to 2 lanes from the right in Phnom Penh corridor,Follow Cambodian traffic sign rules.,1.33,approved,best.pt,[],1,PP-3024,89.69,private,[],2312bbbb-c7eb-48ab-979c-aba88541cf06,2026-07-26T09:22:00Z
377a4143-b523-44d6-a217-b5ce83a22948,1b7538c7-7981-4310-814c-e513a8dc90a5,ai/uploads/demo_096.jpg,Abreast travelling permitted for bicycles,97.01,Detected Abreast travelling permitted for bicycles in Phnom Penh corridor,Follow Cambodian traffic sign rules.,2.09,pending,best.pt,[],1,PP-3025,73.58,private,[],e431ac35-d979-43cd-88a2-1e8a0e916649,2026-07-26T09:05:00Z
64cce365-2dd8-412e-96dd-6bd74e69c938,1cb301a1-562a-4a9a-a46e-c33a58b5d213,ai/uploads/demo_097.jpg,Airports,88.0,Detected Airports in Phnom Penh corridor,Follow Cambodian traffic sign rules.,2.19,approved,best.pt,[],2,PP-3026,88.36,private,[],4691ee60-8a63-4eb3-9533-cd21d60f69d8,2026-07-26T08:48:00Z
5dea3824-092a-4fcb-9a2f-e4b4d2b14489,2b4df669-1139-4872-b7a6-104550120312,ai/uploads/demo_098.jpg,Animal drawn carts,82.7,Detected Animal drawn carts in Phnom Penh corridor,Follow Cambodian traffic sign rules.,1.63,pending,best.pt,[],2,PP-3027,73.29,private,[],94be3e5d-16f7-4e99-8b33-0ccbee245b77,2026-07-26T08:31:00Z
e4623422-6532-49f1-89bd-0ec7126b998e,46740461-c0c0-4a8a-bb81-8de6f1939e47,ai/uploads/demo_099.jpg,Animal drawn carts of all form only,86.38,Detected Animal drawn carts of all form only in Phnom Penh corridor,Follow Cambodian traffic sign rules.,1.27,approved,best.pt,[],1,PP-3028,76.72,private,[],77011be9-a304-419f-a165-f01c4f0eb7fc,2026-07-26T08:14:00Z
5a06b1d7-2788-4316-a3c2-3e8390767904,2f611083-e288-4051-9b6f-7ddc7cb279a2,ai/uploads/demo_100.jpg,Arrow direction exclusive lane,92.94,Detected Arrow direction exclusive lane in Phnom Penh corridor,Follow Cambodian traffic sign rules.,1.85,pending,best.pt,[],1,PP-3029,73.47,private,[],fef0c2f3-5876-4eb1-b7ce-0e5d1e298d64,2026-07-26T07:57:00Z
