id,fine_id,payment_reference,payment_method,amount,payment_status,paid_at,created_at,updated_at
d114b163-c9fa-4c70-bf7b-718f76a38236,3d4072b0-edc1-4c0f-aba3-58f213080ba1,PAY-PP-0001,khqr,30000,completed,2026-07-27T12:00:00Z,2026-07-27T00:00:00Z,2026-07-27T00:00:00Z
5c3a40be-33df-4dcf-a094-3bed7bf65e75,ccb30546-e4f3-4ccc-bcc3-36d6128f5359,PAY-PP-0002,bank_transfer,30000,verification,,2026-07-27T00:00:00Z,2026-07-27T00:00:00Z
8a602a95-f970-4103-9475-185a5eda71b6,aef4da15-f572-4de0-9d04-ec84864bbe67,PAY-PP-0003,khqr,50000,completed,2026-07-27T12:00:00Z,2026-07-27T00:00:00Z,2026-07-27T00:00:00Z
0a9ca712-e85f-4e52-a0b1-5ca404982262,f1a39b3d-feaf-4022-bd07-e4d18e1eb72c,PAY-PP-0004,khqr,30000,pending,,2026-07-27T00:00:00Z,2026-07-27T00:00:00Z
bfdf0912-c01f-40e7-84ff-f1bf5af2fe61,3889c1d8-43f3-46c2-85e4-fa7f3eea829e,PAY-PP-0005,khqr,40000,completed,2026-07-27T12:00:00Z,2026-07-27T00:00:00Z,2026-07-27T00:00:00Z
8128e12d-eaff-4864-bb9c-060ae6a45583,443903d6-ebbf-42ec-aeba-c2fee8655373,PAY-PP-0006,khqr,30000,pending,,2026-07-27T00:00:00Z,2026-07-27T00:00:00Z
8774444f-7b74-49a1-9454-c08e2f489fcc,6a0c1694-d4b9-4e5e-8f3a-81c01b5436eb,PAY-PP-0007,khqr,50000,completed,2026-07-27T12:00:00Z,2026-07-27T00:00:00Z,2026-07-27T00:00:00Z
d098ad99-f563-4cdd-92d2-b044ef9b9c36,7b022190-dfd3-413a-ac8f-c14c45db7c73,PAY-PP-0008,bank_transfer,50000,verification,,2026-07-27T00:00:00Z,2026-07-27T00:00:00Z
c4b9a952-551a-4abc-8bcd-3041eb88fcfb,9d5d4405-cbe9-4924-af7b-cc8c1b521f01,PAY-PP-0009,khqr,20000,completed,2026-07-27T12:00:00Z,2026-07-27T00:00:00Z,2026-07-27T00:00:00Z
74242692-a6d5-4518-88b4-52230f837810,df99b845-0883-44bf-9be9-38568e7ddba8,PAY-PP-0010,khqr,30000,verification,,2026-07-27T00:00:00Z,2026-07-27T00:00:00Z
869ecb6f-e92c-41fa-a9f1-b6045350ebf0,b4280c88-5cf0-4bee-9f31-c02f8d3ac71d,PAY-PP-0011,khqr,40000,completed,2026-07-27T12:00:00Z,2026-07-27T00:00:00Z,2026-07-27T00:00:00Z
23f00ade-8211-4fff-ba9c-bde55d4fcd14,aa1a203a-a3ae-4e42-a666-4204a160ca59,PAY-PP-0012,mobile_banking,20000,verification,,2026-07-27T00:00:00Z,2026-07-27T00:00:00Z
d191f71c-1b52-41d7-942f-0d7f52133fbe,d36438a0-ef9e-4192-9daa-c59c91aefc88,PAY-PP-0013,cash_counter,50000,verification,,2026-07-27T00:00:00Z,2026-07-27T00:00:00Z
f2a3cde3-4944-4218-8b0b-21613fc2f1fe,83115575-8e0d-40df-813a-37bf2b0b383b,PAY-PP-0014,khqr,50000,verification,,2026-07-27T00:00:00Z,2026-07-27T00:00:00Z
88abaffb-23aa-4e6a-aad7-b5c3717c8bb1,a3101502-f449-40c6-adea-84c51dda8506,PAY-PP-0015,mobile_banking,50000,verification,,2026-07-27T00:00:00Z,2026-07-27T00:00:00Z
9bdf9753-f976-43c1-9382-58bc73bc897c,277ea420-bc83-4d61-8280-7f3caa9d958a,PAY-PP-0016,khqr,20000,completed,2026-07-27T12:00:00Z,2026-07-27T00:00:00Z,2026-07-27T00:00:00Z
3f2f54b3-47f1-4c2a-b0a6-2247e0a3ff14,06a1de65-5681-4659-a298-8d0c76dbcd9f,PAY-PP-0017,mobile_banking,30000,verification,,2026-07-27T00:00:00Z,2026-07-27T00:00:00Z
eaf57044-be5b-467a-8f21-145c6a7d1236,d2e2ded9-a08f-4aaf-bb48-00ab0973d2fc,PAY-PP-0018,khqr,40000,completed,2026-07-27T12:00:00Z,2026-07-27T00:00:00Z,2026-07-27T00:00:00Z
706bdbc8-62bb-4582-b929-4a3a4d9397e2,0d341d01-35d5-4a94-a99e-9d49c4c8adc0,PAY-PP-0019,khqr,40000,completed,2026-07-27T12:00:00Z,2026-07-27T00:00:00Z,2026-07-27T00:00:00Z
f309bead-ccc4-4a2a-ba63-313d790942a4,ee6e3693-d0e1-40fd-ac10-188bc3592d46,PAY-PP-0020,khqr,50000,completed,2026-07-27T12:00:00Z,2026-07-27T00:00:00Z,2026-07-27T00:00:00Z
7d9f83b6-b9fa-4c5e-a617-eca905c0738e,4120a02d-a2ab-406a-92a8-3fe307f1994e,PAY-PP-0021,mobile_banking,50000,pending,,2026-07-27T00:00:00Z,2026-07-27T00:00:00Z
c7f14688-9adb-4a6e-a70e-90c404a371c0,001ddd7c-e879-4f3d-b512-1ef63e93a99d,PAY-PP-0022,khqr,50000,completed,2026-07-27T12:00:00Z,2026-07-27T00:00:00Z,2026-07-27T00:00:00Z
f0fbbfe2-84b8-432f-8ab7-44b7accb478e,5f08a054-5b46-40f8-860c-15599ce71541,PAY-PP-0023,khqr,20000,completed,2026-07-27T12:00:00Z,2026-07-27T00:00:00Z,2026-07-27T00:00:00Z
69fb1787-8603-4ea3-ab18-e47cdf45ad31,bad18ed0-80a5-4c87-babd-d8545f59da93,PAY-PP-0024,bank_transfer,50000,verification,,2026-07-27T00:00:00Z,2026-07-27T00:00:00Z
28241ffd-cdab-4913-8722-f1335d8d4469,66f73ed8-b8a4-4edd-bbb3-67784d56fcbe,PAY-PP-0025,khqr,20000,completed,2026-07-27T12:00:00Z,2026-07-27T00:00:00Z,2026-07-27T00:00:00Z
ce0ecf0a-9509-4fe8-a86b-15a498e3835f,64bfbe84-6bc3-42b5-acc6-814d1662bd96,PAY-PP-0026,khqr,40000,completed,2026-07-27T12:00:00Z,2026-07-27T00:00:00Z,2026-07-27T00:00:00Z
efbeb392-58e2-459c-b68b-5ae7fdf89974,f6567d9d-dc34-4c35-881e-4db2a27da2bb,PAY-PP-0027,cash_counter,30000,pending,,2026-07-27T00:00:00Z,2026-07-27T00:00:00Z
80787e87-0c05-4588-b143-0dd75d033e94,50580c29-fb08-457d-8c0a-6f246a0e238a,PAY-PP-0028,khqr,30000,completed,2026-07-27T12:00:00Z,2026-07-27T00:00:00Z,2026-07-27T00:00:00Z
ff5df614-0daa-43dd-a2a0-b01f25ad50e7,83c59497-848d-497f-aad7-a3b681a0e031,PAY-PP-0029,cash_counter,20000,pending,,2026-07-27T00:00:00Z,2026-07-27T00:00:00Z
6eeacf9d-9735-4518-91af-039414af146c,6d7602d2-f723-4551-a31d-3b1d5437feab,PAY-PP-0030,bank_transfer,20000,pending,,2026-07-27T00:00:00Z,2026-07-27T00:00:00Z
1da6b7e8-acf0-429b-b879-76037a494b5e,2898cb44-fcf9-4206-b921-dc4c3dd0311c,PAY-PP-0031,bank_transfer,30000,verification,,2026-07-27T00:00:00Z,2026-07-27T00:00:00Z
c27349bd-6aa7-43aa-a485-5751674fb436,478833c2-e507-4f34-a3fe-2871dc288834,PAY-PP-0032,bank_transfer,40000,verification,,2026-07-27T00:00:00Z,2026-07-27T00:00:00Z
81014a7a-0786-4174-a4aa-aef0793e6954,19828fba-ce0a-4cb2-a212-145cabe0e8b3,PAY-PP-0033,khqr,40000,pending,,2026-07-27T00:00:00Z,2026-07-27T00:00:00Z
d699990e-e65c-4a3c-a3f7-3495c6c4361c,aac73fe0-cc53-4d13-b7f9-cd4598085a5c,PAY-PP-0034,khqr,30000,pending,,2026-07-27T00:00:00Z,2026-07-27T00:00:00Z
90c5156e-4cc6-4a76-bb94-8c74f9efebe0,08c2250e-dd52-4999-ba0e-a2d2af12b582,PAY-PP-0035,khqr,30000,completed,2026-07-27T12:00:00Z,2026-07-27T00:00:00Z,2026-07-27T00:00:00Z
16a574c3-7688-4774-8c77-0cb3fed70e48,2e748f7f-f852-4e81-a711-2269885be156,PAY-PP-0036,khqr,30000,completed,2026-07-27T12:00:00Z,2026-07-27T00:00:00Z,2026-07-27T00:00:00Z
b981d9fc-7269-4de2-952f-86ca7814fb71,934a86c7-1d1d-4395-88d6-5b5364681b1b,PAY-PP-0037,khqr,40000,completed,2026-07-27T12:00:00Z,2026-07-27T00:00:00Z,2026-07-27T00:00:00Z
4b17782d-b246-446f-80d1-2368ffa79d77,0370889a-5399-4106-b852-e34cfa1942ea,PAY-PP-0038,mobile_banking,30000,verification,,2026-07-27T00:00:00Z,2026-07-27T00:00:00Z
dd6e9326-5783-4713-8e07-f34d8a5b67c0,4a817948-fb1b-46b1-85b4-423378618d55,PAY-PP-0039,bank_transfer,20000,pending,,2026-07-27T00:00:00Z,2026-07-27T00:00:00Z
04eaeb17-c69d-4b8c-9a65-cd25ea98737e,d5b990c3-84f3-4cae-bdc0-da02f4321cea,PAY-PP-0040,cash_counter,20000,pending,,2026-07-27T00:00:00Z,2026-07-27T00:00:00Z
8a5873ab-36b4-4e5b-a18d-a05e70cd5f93,840dbde1-4e32-4728-9c01-08e0a8935b53,PAY-PP-0041,mobile_banking,40000,verification,,2026-07-27T00:00:00Z,2026-07-27T00:00:00Z
5bea7530-7133-4fff-a4f9-94701da930c4,76674b8a-8fb6-4085-b05d-e3d08a81ad0c,PAY-PP-0042,mobile_banking,20000,verification,,2026-07-27T00:00:00Z,2026-07-27T00:00:00Z
320747ca-0367-4401-a373-002c9d311c26,c3be1538-8480-41b4-9797-27191f4a6c8e,PAY-PP-0043,khqr,40000,completed,2026-07-27T12:00:00Z,2026-07-27T00:00:00Z,2026-07-27T00:00:00Z
02acd4f6-381f-4f3a-9bc3-54d957731265,b4544c07-c05e-4a9f-b46e-19b6fd548846,PAY-PP-0044,khqr,50000,completed,2026-07-27T12:00:00Z,2026-07-27T00:00:00Z,2026-07-27T00:00:00Z
132b82c7-c8c4-4930-adf3-91ce768d6b16,42c43a23-aaf1-4ada-bfda-32b2b9c4cdeb,PAY-PP-0045,khqr,50000,pending,,2026-07-27T00:00:00Z,2026-07-27T00:00:00Z
68eab665-e81d-4380-849e-ffe2775f34ae,18d13530-edb1-475e-a813-5469248b5a7d,PAY-PP-0046,cash_counter,40000,verification,,2026-07-27T00:00:00Z,2026-07-27T00:00:00Z
95f511dd-9ad9-4067-bdb1-9f8bf6efc7d3,67f8ded9-90ee-4295-98eb-e8b58a43e6a6,PAY-PP-0047,bank_transfer,30000,verification,,2026-07-27T00:00:00Z,2026-07-27T00:00:00Z
ffe5b128-f1f9-4ede-aa2d-8218cdc298a7,08c12a48-ec13-4b08-b83e-2fa003a753eb,PAY-PP-0048,bank_transfer,30000,pending,,2026-07-27T00:00:00Z,2026-07-27T00:00:00Z
d0139e7c-7213-4ddb-828e-790b36afa081,6bfbd3b1-e3fc-4af3-978b-3d3d63bb98c3,PAY-PP-0049,mobile_banking,30000,pending,,2026-07-27T00:00:00Z,2026-07-27T00:00:00Z
3541e24f-fecc-4b5c-a1c4-366cf4f7a413,eaf6ebce-94ba-4b2c-ad3d-6a6287e6e537,PAY-PP-0050,khqr,30000,pending,,2026-07-27T00:00:00Z,2026-07-27T00:00:00Z
